mountain,course,from,to,ct,minutes,kind,source
トムラウシ山,トムラウシ短縮コースルート,トムラウシ短縮コース登山口,トムラウシ山,5:57,357,direct,ヤマレコ・トムラウシ山 短縮コース山行計画（標準CT複数照合）
笊ヶ岳,老平ルート,笊ヶ岳,老平・笊ヶ岳登山口,5:53,353,direct,YAMAP標準モデル・笊ヶ岳（老平） 山頂→老平登山口 5時間53分
大笠山,桂湖森林公園駐車場（大笠山ルート起点）ルート,桂湖森林公園駐車場（大笠山ルート起点）,大笠山,5:51,351,direct,YAMAP大笠山モデルコース（桂湖登り口→山頂341分）＋ヤマレコ公開計画（桂湖駐車場→大笠山登山口10分）＝351分
女峰山,滝尾神社登山口ルート,滝尾神社登山口,女峰山,5:51,351,direct,ヤマレコ公開山行計画 p5549316・滝尾神社→女峰山 区間CT合算5時間51分
五竜岳,アルプス平ルート,アルプス平,五竜山荘,5:50,350,direct,白馬村公式観光サイト・モデルコース（公式区間合算）
八ヶ岳（赤岳）,美濃戸口ルート,美濃戸口,赤岳,5:50,350,direct,ヤマレコ・赤岳 美濃戸口〜赤岳 p5370686/p5481220（標準CT 約350分）
鹿島槍ヶ岳,アルプス平ルート,アルプス平,五竜山荘,5:50,350,direct,白馬村公式観光サイト・モデルコース（公式区間合算）
大無間山,田代・大無間山登山口ルート,大無間山,田代・大無間山登山口,5:40,340,estimated,推定CT（固定座標・標高差＋確認済みCT回帰）
大笠山,ブナオ峠（大笠山ルート）ルート,大笠山,ブナオ峠（大笠山ルート）,5:40,340,estimated,推定CT（固定座標・標高差＋確認済みCT回帰）
池口岳,池口林道口・池口岳登山口ルート,池口岳,池口林道口・池口岳登山口,5:40,340,estimated,推定CT（固定座標・標高差＋確認済みCT回帰）
焼山,金山登山口（小谷側）ルート,金山登山口（小谷側）,新潟焼山,5:40,340,estimated,推定CT（固定座標・標高差＋確認済みCT回帰）
男鹿岳,深山園地・塩那道路ゲートルート,男鹿岳,深山園地・塩那道路ゲート,5:40,340,estimated,推定CT（固定座標・標高差＋確認済みCT回帰）
観音岳(鳳凰),夜叉神・鳳凰三山ルート,夜叉神峠登山口,南御室小屋,5:40,340,direct,南アルプス市芦安山岳館・鳳凰山 夜叉神コース（公式区間合算）
餓鬼岳,中房登山口ルート,餓鬼岳,中房登山口,5:40,340,estimated,推定CT（固定座標・標高差＋確認済みCT回帰）
空木岳,池山尾根ルート,池山口登山口,空木岳,5:35,335,direct,YAMAP標準モデル・空木岳往復 池山尾根（空木岳登山口06:25→空木岳12:00、5時間35分）
オプタテシケ山,美瑛富士登山口ルート,オプタテシケ山,美瑛富士登山口,5:30,330,estimated,推定CT（固定座標・標高差＋確認済みCT回帰）
和名倉山（白石山）,三ノ瀬（民宿みはらし）ルート,三ノ瀬（民宿みはらし）,和名倉山（白石山）,5:30,330,estimated,推定CT（固定座標・標高差＋確認済みCT回帰）
奥茶臼山,しらびそ峠・奥茶臼山登山口ルート,奥茶臼山,しらびそ峠・奥茶臼山登山口,5:30,330,estimated,推定CT（固定座標・標高差＋確認済みCT回帰）
富士山,富士宮ルート,富士宮口五合目,富士山（剣ヶ峰）,5:30,330,direct,富士登山オフィシャルサイト2026・富士宮ルート（五合目→山頂5時間10分＋剣ヶ峰約20分）
杁差岳,奥胎内ヒュッテ（足ノ松尾根ルート起点）ルート,杁差岳,奥胎内ヒュッテ（足ノ松尾根ルート起点）,5:30,330,estimated,推定CT（固定座標・標高差＋確認済みCT回帰）
東赤石山,瀬場登山口 東赤石山ルート,瀬場登山口 東赤石山,東赤石山,5:30,330,direct,好日山荘・東赤石山（瀬場登山口→赤石山荘265分→八巻山30分→東赤石山35分＝330分）
燧ヶ岳,小沢平登山口ルート,燧ヶ岳（柴安嵓）,小沢平登山口,5:30,330,estimated,推定CT（固定座標・標高差＋確認済みCT回帰）
越後駒ヶ岳,枝折峠ルート,越後駒ヶ岳,枝折峠,5:30,330,direct,魚沼市観光協会公式・越後駒ヶ岳 枝折峠コース
飯豊山,大日杉登山口ルート,飯豊山,大日杉登山口,5:30,330,estimated,推定CT（固定座標・標高差＋確認済みCT回帰）
富士山,御殿場ルート,御殿場口新五合目,わらじ館,5:27,327,direct,YAMAP御殿場ルート・新五合目04:00→わらじ館09:27 5時間27分
霞沢岳,上高地・徳本峠ルート,徳本峠小屋,霞沢岳,5:23,323,direct,既存確認済み8時間32分から上高地→徳本峠小屋189分を差し引いた区間CT
聖岳,椹島・聖平ルート,椹島,聖平小屋,5:21,321,direct,既存確認済み椹島→聖岳500分から聖平小屋→聖岳179分を差し引いた区間CT
後方羊蹄山,京極登山口ルート,京極登山口,後方羊蹄山（羊蹄山）,5:20,320,direct,ヤマレコ・羊蹄山 京極コース 山行計画 p5541585（標準CT）
朝日岳（新潟・富山）,蓮華温泉ルート,朝日岳（新潟・富山）,蓮華温泉,5:20,320,direct,白馬村公式観光サイト・モデルコース（公式区間合算）
焼山,金山登山口（小谷側）ルート,新潟焼山,金山登山口（小谷側）,5:20,320,estimated,推定CT（固定座標・標高差＋確認済みCT回帰）
白馬岳,猿倉・大雪渓ルート,白馬尻小屋跡,白馬山荘,5:20,320,direct,白馬村公式観光サイト・モデルコース（公式区間合算）
白山,大白川・平瀬道ルート,大白川・平瀬道登山口,白山（御前峰）,5:18,318,direct,YAMAP標準モデル・平瀬道登山口-室堂センター-白山往復（登山口06:00→御前峰11:18、5時間18分）
七面山,羽衣・七面山表参道駐車場ルート,羽衣・七面山表参道駐車場,七面山,5:11,311,direct,YAMAP・七面山表参道モデルコース（羽衣→山頂 5時間11分）
暑寒別岳,暑寒荘・暑寒別岳ルート,暑寒荘・暑寒別岳登山口,暑寒別岳,5:11,311,direct,ヤマレコ・暑寒別岳 暑寒ルート山行計画（標準CT複数照合）
大笠山,ブナオ峠（大笠山ルート）ルート,ブナオ峠（大笠山ルート）,大笠山,5:10,310,estimated,推定CT（固定座標・標高差＋確認済みCT回帰）
笈ヶ岳,中宮温泉ビジターセンター（笈ヶ岳ルート起点）ルート,中宮温泉ビジターセンター（笈ヶ岳ルート起点）,笈ヶ岳,5:10,310,direct,ユーザー確定・V1.4.252表示推定CTを採用（V1.4.253）
黒法師岳,戸中山林道ゲートルート,黒法師岳,戸中山林道ゲート,5:10,310,estimated,推定CT（固定座標・標高差＋確認済みCT回帰）
丹沢山,大倉・塔ノ岳・丹沢山ルート,大倉登山口,塔ノ岳,5:09,309,direct,ヤマレコ・塔ノ岳 大倉尾根ルート山行計画（標準CT複数照合）
大船山,長者原ルート,長者原,大船山,5:09,309,direct,YAMAP標準モデル・長者原-大船山往復（長者原08:00→大船山13:09、5時間09分）
奥三界岳,川上林道ゲート（夕森渓谷）ルート,川上林道ゲート（夕森渓谷）,奥三界岳,5:07,307,direct,ヤマレコ・奥三界岳 川上林道ゲート山行計画（標準CT区間合算）
巻機山,桜坂ルート,桜坂登山口,巻機山,5:07,307,direct,ヤマレコ・巻機山 井戸尾根コース山行計画（標準CT複数照合）
鳥海山,鉾立登山口（象潟口）ルート,鉾立登山口（象潟口）,鳥海山（新山）,5:06,306,direct,ヤマレコ・鳥海山 鉾立コース山行計画（標準CT複数照合）
奥茶臼山,しらびそ峠・奥茶臼山登山口ルート,しらびそ峠・奥茶臼山登山口,奥茶臼山,5:05,305,direct,YAMAP・奥茶臼山（しらびそ峠）モデルコース（しらびそ峠駐車場 06:00→奥茶臼山 11:05、5時間05分）
鹿島槍ヶ岳,大谷原登山口ルート,大谷原登山口,高千穂平,5:05,305,direct,YAMAP標準モデル・大谷原側駐車場05:01→高千穂平10:06 5時間05分
岩手山,焼走りルート,焼走り登山口,岩手山,5:02,302,direct,YAMAP標準モデル・岩手山 焼走り登山口コース（登山口07:00→岩手山12:02、5時間02分）
ペテガリ岳,神威山荘（ペテガリ岳アプローチ起点）ルート,ペテガリ山荘,神威山荘（ペテガリ岳アプローチ起点）,5:00,300,direct,新ひだか町公式・ペテガリ山荘→神威山荘 約5時間
ペテガリ岳,神威山荘（ペテガリ岳アプローチ起点）ルート,ペテガリ岳,ペテガリ山荘,5:00,300,direct,新ひだか町公式・ペテガリ岳→ペテガリ山荘 約5時間
ペテガリ岳,神威山荘（ペテガリ岳アプローチ起点）ルート,神威山荘（ペテガリ岳アプローチ起点）,ペテガリ山荘,5:00,300,direct,新ひだか町公式・神威山荘→ペテガリ山荘 約5時間
三俣蓮華岳,新穂高温泉ルート,新穂高温泉,鏡平山荘,5:00,300,direct,双六小屋グループ・鏡平山荘
両神山,日向大谷口ルート,日向大谷口,両神山,5:00,300,direct,ヤマレコ・両神山 日向大谷ルート山行計画（標準CT複数照合）
恵那山,神坂峠ルート,神坂峠登山口,恵那山,5:00,300,direct,中津川市公式・恵那山 神坂峠ルート
焼山,焼山林道第2ゲート（焼山ルート起点）ルート,新潟焼山,焼山林道第2ゲート（焼山ルート起点）,5:00,300,estimated,推定CT（固定座標・標高差＋確認済みCT回帰）
白山,市ノ瀬ルート,白山室堂,市ノ瀬,5:00,300,direct,白山観光協会・白山禅定道 白山室堂→市ノ瀬 5時間00分
羅臼岳,岩尾別温泉・木下小屋登山口ルート,岩尾別温泉・木下小屋登山口,羅臼岳,5:00,300,direct,知床羅臼ビジターセンター・岩尾別コース 登り5時間
鳥甲山,屋敷口ルート,屋敷口,鳥甲山,5:00,300,direct,津南町観光協会公式・鳥甲山 屋敷ルート
