priority,mountain,points_before,ct_min,catalog_count,route
A,傾山,3,613,2,九折登山口 傾山 -> 傾山 -> 九折登山口 傾山
A,東赤石山,3,580,3,瀬場登山口 東赤石山 -> 東赤石山 -> 瀬場登山口 東赤石山
A,大崩山,3,478,3,祝子川 大崩山登山口 -> 大崩山 -> 祝子川 大崩山登山口
A,三嶺,3,460,7,光石登山口 -> 三嶺 -> 光石登山口
A,六甲山,3,420,3,芦屋川 高座の滝 -> 六甲山 -> 芦屋川 高座の滝
A,伯母子岳,3,391,3,大股登山口 伯母子岳 -> 伯母子岳 -> 大股登山口 伯母子岳
A,市房山,3,389,2,市房山キャンプ場（市房山登山口アクセス起点） -> 市房山 -> 市房山キャンプ場（市房山登山口アクセス起点）
A,武奈ヶ岳,3,375,3,坊村 武奈ヶ岳登山口 -> 武奈ヶ岳 -> 坊村 武奈ヶ岳登山口
A,湧蓋山,3,368,2,八丁原登山口 -> 涌蓋山 -> 八丁原登山口
A,山上ヶ岳,3,356,3,清浄大橋 大峯山登山口 -> 山上ヶ岳 -> 清浄大橋 大峯山登山口
A,氷ノ山,3,354,5,福定親水公園 氷ノ山登山口 -> 氷ノ山 -> 福定親水公園 氷ノ山登山口
A,尾鈴山,3,350,2,尾鈴山第1駐車場（尾鈴山登山口アクセス起点） -> 尾鈴山 -> 尾鈴山第1駐車場（尾鈴山登山口アクセス起点）
A,藤原岳,3,333,4,大貝戸登山口 藤原岳 -> 藤原岳 -> 大貝戸登山口 藤原岳
A,三本杭,3,320,2,万年橋 滑床渓谷 三本杭登山口 -> 三本杭 -> 万年橋 滑床渓谷 三本杭登山口
A,愛宕山,3,309,2,清滝 愛宕山登山口 -> 愛宕山 -> 清滝 愛宕山登山口
B,伊予富士,3,295,2,寒風山登山口 -> 伊予富士 -> 寒風山登山口
B,由布岳,3,294,2,由布岳正面登山口駐車場 -> 由布岳 -> 由布岳正面登山口駐車場
B,高隈山,3,285,2,大箆柄岳 垂桜コース駐車場・登山口 -> 高隈山（大箆柄岳） -> 大箆柄岳 垂桜コース駐車場・登山口
B,英彦山,3,278,3,別所駐車場・英彦山登山口 -> 英彦山 -> 別所駐車場・英彦山登山口
B,上蒜山,3,269,2,上蒜山登山口駐車場（上蒜山スキー場） -> 上蒜山 -> 上蒜山登山口駐車場（上蒜山スキー場）
B,多良岳,3,269,3,黒木第2駐車場・黒木登山口 -> 多良岳 -> 黒木第2駐車場・黒木登山口
B,三峰山,3,260,2,みつえ青少年旅行村 三峰山登山口 -> 三峰山 -> みつえ青少年旅行村 三峰山登山口
B,国見岳,3,255,2,国見岳新登山口（五勇谷橋ルート） -> 国見岳 -> 国見岳新登山口（五勇谷橋ルート）
B,釈迦ヶ岳（奈良）,3,252,2,太尾登山口 釈迦ヶ岳 奈良 -> 釈迦ヶ岳（奈良） -> 太尾登山口 釈迦ヶ岳 奈良
B,鶴見岳,3,240,3,火男火売神社登山口駐車場 -> 鶴見岳 -> 火男火売神社登山口駐車場
B,那岐山,3,230,3,蛇淵の滝 那岐山登山口 -> 那岐山 -> 蛇淵の滝 那岐山登山口
B,高千穂峰,3,230,2,高千穂河原駐車場・高千穂峰登山口 -> 高千穂峰 -> 高千穂河原駐車場・高千穂峰登山口
B,御在所岳,3,221,4,中登山道口 御在所岳 -> 御在所岳 -> 中登山道口 御在所岳
B,竜門岳,3,215,2,竜門岳登山口 吉野 -> 竜門岳 -> 竜門岳登山口 吉野
B,護摩壇山,3,210,2,護摩壇山森林公園ワイルドライフ -> 護摩壇山 -> 護摩壇山森林公園ワイルドライフ
B,金剛山,3,209,3,千早本道登山口 -> 金剛山 -> 千早本道登山口
B,大和葛城山,3,197,3,水越峠 -> 大和葛城山 -> 水越峠
B,三瓶山,3,197,4,北の原・姫逃池登山口 -> 三瓶山（男三瓶山） -> 北の原・姫逃池登山口
B,道後山,3,187,2,月見ヶ丘登山口駐車場 道後山 -> 道後山 -> 月見ヶ丘登山口駐車場 道後山
B,笹ヶ峰,3,186,3,下津池 笹ヶ峰登山口 -> 笹ヶ峰 -> 下津池 笹ヶ峰登山口
B,倶留尊山,3,185,2,曽爾高原 倶留尊山登山口 -> 倶留尊山 -> 曽爾高原 倶留尊山登山口
B,扇ノ山,3,175,4,河合谷高原 扇ノ山登山口 -> 扇ノ山 -> 河合谷高原 扇ノ山登山口
B,雲仙岳（普賢岳）,3,139,2,仁田峠第一展望所駐車場・普賢岳登山口 -> 雲仙岳（普賢岳） -> 仁田峠第一展望所駐車場・普賢岳登山口
B,桜島（御岳）,3,120,2,湯之平展望所（一般立入可能な最高地点・山頂入山不可） -> 桜島（御岳・北岳） -> 湯之平展望所（一般立入可能な最高地点・山頂入山不可）
B,高見山,3,117,3,高見峠 -> 高見山 -> 高見峠
B,吾妻山,3,96,3,吾妻山キャンプ場駐車場 -> 吾妻山 -> 吾妻山キャンプ場駐車場
B,篠山,3,90,2,篠山登山口 愛媛高知 -> 篠山 -> 篠山登山口 愛媛高知
B,比叡山,3,86,3,坂本ケーブル延暦寺駅 -> 比叡山（大比叡） -> 坂本ケーブル延暦寺駅
B,瓶ヶ森,3,85,3,瓶ヶ森駐車場 -> 瓶ヶ森 -> 瓶ヶ森駐車場
B,蓬来山,3,73,3,びわ湖バレイ山頂駅 -> 蓬来山 -> びわ湖バレイ山頂駅
B,脊振山,3,20,3,脊振山山頂駐車場 -> 脊振山 -> 脊振山山頂駐車場
OK,大船山,4,708,12,長者原 -> 大船山 -> 坊ガツル -> 長者原
OK,大山（鳥取）,4,358,5,夏山登山口 大山 -> 六合目避難小屋 -> 大山（弥山） -> 夏山登山口 大山
OK,剣山,4,171,8,見ノ越 剣山登山口 -> 剣山野営場（西島野営場） -> 剣山 -> 見ノ越 剣山登山口
OK,宮ノ浦岳,5,605,5,淀川登山口 -> 淀川小屋 -> 宮ノ浦岳 -> 淀川小屋 -> 淀川登山口
OK,八経ヶ岳,5,400,3,行者還トンネル西口 -> 弥山小屋 -> 八経ヶ岳 -> 弥山小屋 -> 行者還トンネル西口
OK,開聞岳,5,308,3,かいもん山麓ふれあい公園駐車場・開聞岳登山口アクセス -> 五合目展望所（開聞岳） -> 開聞岳 -> 五合目展望所（開聞岳） -> かいもん山麓ふれあい公園駐車場・開聞岳登山口アクセス
OK,祖母山,5,282,4,北谷登山口駐車場・北谷登山口 -> 祖母山九合目小屋 -> 祖母山 -> 祖母山九合目小屋 -> 北谷登山口駐車場・北谷登山口
OK,久住山,5,279,10,牧ノ戸峠 -> 久住分かれ避難小屋 -> 久住山 -> 久住分かれ避難小屋 -> 牧ノ戸峠
OK,石鎚山,5,275,6,土小屋登山口 -> 二ノ鎖元小屋 -> 石鎚山（弥山） -> 二ノ鎖元小屋 -> 土小屋登山口
OK,伊吹山,5,91,4,伊吹山ドライブウェイ山頂駐車場 -> 西登山道中間分岐（伊吹山） -> 伊吹山 -> 西登山道中間分岐（伊吹山） -> 伊吹山ドライブウェイ山頂駐車場
OK,日出ヶ岳,5,68,3,大台ヶ原ビジターセンター -> 日出ヶ岳展望台下分岐 -> 日出ヶ岳 -> 日出ヶ岳展望台下分岐 -> 大台ヶ原ビジターセンター
OK,霧島山（韓国岳）,6,290,8,韓国岳登山口 -> 霧島山（韓国岳） -> 韓国岳避難小屋 -> 大浪池休憩所 -> 県境登山口 -> えびのエコミュージアムセンター
OK,阿蘇山（高岳）,9,292,9,仙酔峡駐車場 -> 仙酔分かれ -> 阿蘇山（高岳） -> 高岳・中岳・月見小屋分岐 -> 阿蘇山（中岳） -> 馬の背（阿蘇） -> 火口東展望所 -> すずめ岩分岐 -> 仙酔峡駐車場
